source_page,source_url,page_key,block_index,section,subsection,tag,text,links_json
Liste de sondages sur les élections législatives françaises de 2024,https://fr.wikipedia.org/wiki/Liste_de_sondages_sur_les_%C3%A9lections_l%C3%A9gislatives_fran%C3%A7aises_de_2024,legislatives_2024,0,,,p,Cette page dresse la liste des sondages d'opinion en France relatifs aux élections législatives françaises de 2024 .,"[{""label"": ""sondages d'opinion en France"", ""url"": ""https://fr.wikipedia.org/wiki/Sondages_d%27opinion_en_France""}, {""label"": ""élections législatives françaises de 2024"", ""url"": ""https://fr.wikipedia.org/wiki/%C3%89lections_l%C3%A9gislatives_fran%C3%A7aises_de_2024""}]"
Liste de sondages sur les élections législatives françaises de 2024,https://fr.wikipedia.org/wiki/Liste_de_sondages_sur_les_%C3%A9lections_l%C3%A9gislatives_fran%C3%A7aises_de_2024,legislatives_2024,1,,,p,"Tous les sondages de cette liste, sauf mention contraire, se conforment aux règles de la Commission des sondages [ 1 ] , [ 2 ] et appliquent la méthode dite des quotas .","[{""label"": ""Commission des sondages"", ""url"": ""https://fr.wikipedia.org/wiki/Commission_des_sondages""}, {""label"": ""méthode dite des quotas"", ""url"": ""https://fr.wikipedia.org/wiki/Sondage_(sciences_sociales)#Méthode_des_quotas""}]"
Liste de sondages sur les élections législatives françaises de 2024,https://fr.wikipedia.org/wiki/Liste_de_sondages_sur_les_%C3%A9lections_l%C3%A9gislatives_fran%C3%A7aises_de_2024,legislatives_2024,2,,,p,Une couleur arbitraire est associée à chaque institut de sondage ; ces couleurs sont une aide visuelle et ne correspondent pas à une tendance politique.,"[{""label"": ""institut de sondage"", ""url"": ""https://fr.wikipedia.org/wiki/Institut_de_sondage""}]"
Liste de sondages sur les élections législatives françaises de 2024,https://fr.wikipedia.org/wiki/Liste_de_sondages_sur_les_%C3%A9lections_l%C3%A9gislatives_fran%C3%A7aises_de_2024,legislatives_2024,3,,,p,"Les sondages comportent une dimension purement technique. Ils sont publiés accompagnés d'une présentation des intervalles de confiance à 95 %. Le tableau résume les intervalles de confiance selon la taille de l'échantillon (ou du sous-échantillon). Si pour un échantillon (sous-échantillon) de 1 000 personnes le candidat reçoit 10 % (ou 90 %) d'intentions de vote, l'incertitude est de 1,8 points pour un niveau de confiance de 95 %. Il y a donc 95 % de chance que son score soit compris entre 8,2 et 11,8 % (respectivement 88,2–91,8 %) [ 3 ] .",[]
Liste de sondages sur les élections législatives françaises de 2024,https://fr.wikipedia.org/wiki/Liste_de_sondages_sur_les_%C3%A9lections_l%C3%A9gislatives_fran%C3%A7aises_de_2024,legislatives_2024,4,,,p,"La base de comparaison doit être cohérente : il faut soit donner le pourcentage par rapport à l'effectif total y compris abstention, blanc et NSPP, soit N doit être limité aux intentions de vote pour un candidat quand l'on veut que la somme des scores fasse 100 % comme ci-dessous. Par exemple à 25 % d'abstention, 1 000 sondés ne correspondent qu'à 750 exprimés pour un candidat, ce qui monte l'incertitude à ± 3,6 %.",[]
Liste de sondages sur les élections législatives françaises de 2024,https://fr.wikipedia.org/wiki/Liste_de_sondages_sur_les_%C3%A9lections_l%C3%A9gislatives_fran%C3%A7aises_de_2024,legislatives_2024,5,,,p,"Les intervalles de confiances publiés sont généralement ceux donnés par la méthode dite aléatoire, ceux de la méthode des quotas n'étant pas calculables. Il est cependant généralement admis que la marge d’erreur des sondages par quotas est égale ou inférieure à celle des sondages aléatoires [ 4 ] .",[]
Liste de sondages sur les élections législatives françaises de 2024,https://fr.wikipedia.org/wiki/Liste_de_sondages_sur_les_%C3%A9lections_l%C3%A9gislatives_fran%C3%A7aises_de_2024,legislatives_2024,6,,,p,"« Grande inconnue » des sondeurs [ 5 ] , [ 6 ] , la participation est estimée entre 62 et 67 %, contre 47 % en 2022 [ 6 ] , près de 2/3 des Français interrogés se déclarant « certains d’aller voter » [ 6 ] , 9% déplaçant même leur départ en vacances, dont 19% des 18- 24 ans [ 7 ] . Si elle approchait 70% ce serait un plus haut depuis 1978.",[]
Liste de sondages sur les élections législatives françaises de 2024,https://fr.wikipedia.org/wiki/Liste_de_sondages_sur_les_%C3%A9lections_l%C3%A9gislatives_fran%C3%A7aises_de_2024,legislatives_2024,7,,,p,"Les sondages des européennes avaient eu du mal à l'estimer, Ipsos tablant sur 45 % [ 8 ] , alors qu'elle est montée à 51,5 %, plus haut depuis 30 ans [ 9 ] , bien qu'à 38 % chez les 18- 24 ans et 42 % chez les 25- 34 ans [ 5 ] .","[{""label"": ""sondages des européennes"", ""url"": ""https://fr.wikipedia.org/wiki/Sondages_sur_les_%C3%A9lections_europ%C3%A9ennes_de_2024""}, {""label"": ""Ipsos"", ""url"": ""https://fr.wikipedia.org/wiki/Ipsos""}]"
Liste de sondages sur les élections législatives françaises de 2024,https://fr.wikipedia.org/wiki/Liste_de_sondages_sur_les_%C3%A9lections_l%C3%A9gislatives_fran%C3%A7aises_de_2024,legislatives_2024,8,,,p,"Depuis le milieu des années 2010 [ 10 ] , la certitude d'aller voter est mesurée sur une échelle de 1 à 10 [ 10 ] , permettant aux sondés de manifester l'incertitude de leur vote [ 10 ] , seule l'intention des ""certains"" de voter étant intégrée dans les tableaux de résultats [ 11 ] , [ 12 ] . Le biais le plus souvent évoqué est de « sous-représenter un électorat moins politisé et moins informé, généralement plus jeune, qui ne se décidera qu’au dernier moment » [ 13 ] , [ 12 ] , situé « essentiellement dans les catégories populaires » [ 14 ] avec trois années de suite des résultats finaux montrant une marge d'erreur sous-évaluée, les écarts constatés aux européennes de 2019 , puis amplifiés aux régionales de 2021 , et devenant spectaculaires à la présidentielle 2022 .","[{""label"": ""années 2010"", ""url"": ""https://fr.wikipedia.org/wiki/Ann%C3%A9es_2010""}, {""label"": ""marge d'erreur"", ""url"": ""https://fr.wikipedia.org/wiki/Marge_d%27erreur""}, {""label"": ""écarts constatés aux européennes de 2019"", ""url"": ""https://fr.wikipedia.org/wiki/Sondages_%C3%A9lectoraux_en_France#Européennes_de_2019""}, {""label"": ""amplifiés aux régionales de 2021"", ""url"": ""https://fr.wikipedia.org/wiki/Sondages_%C3%A9lectoraux_en_France#Régionales_de_2021""}, {""label"": ""devenant spectaculaires à la présidentielle 2022"", ""url"": ""https://fr.wikipedia.org/wiki/Sondages_%C3%A9lectoraux_en_France#Présidentielle_de_2022""}]"
Liste de sondages sur les élections législatives françaises de 2024,https://fr.wikipedia.org/wiki/Liste_de_sondages_sur_les_%C3%A9lections_l%C3%A9gislatives_fran%C3%A7aises_de_2024,legislatives_2024,9,,,p,"Une proportion élevée d'électeurs se dit « certaine » de voter mais sans exprimer ou dévoiler encore d'intention, selon plusieurs sondeurs . L'avant-veille du scrutin, elle s'élevait à 18 % des certains d'aller voter chez chez les instituts de sondage Odoxa [ 15 ] et Opinionway [ 16 ] , et de 12% chez Elabe [ 17 ] contre 8 % après la dissolution Elabe et 9 % pour Opinionway [ 18 ] . Selon Vincent Tiberj, professeur de sciences politiques à Bordeaux, le « choix d’avoir investi des socialistes dans de nombreuses circonscriptions gagnables mais perdues en 2022 » et au total 30 % du total des candidats NFP, vise cet électorat sur la réserve et un meilleur report de voix au second tour qu’avec l'étiquette LFI (40 % des candidats NFP, Les Écologistes en ayant 20 % et le PCF 9 %) [ 19 ] , car 92 circonscriptions-clés s'étaient jouées en 2022 par moins de 1 000 votes d’écart [ 20 ] .","[{""label"": ""plusieurs sondeurs"", ""url"": ""https://fr.wikipedia.org/wiki/Sondages_%C3%A9lectoraux_en_France""}, {""label"": ""LFI"", ""url"": ""https://fr.wikipedia.org/wiki/La_France_insoumise""}, {""label"": ""Les Écologistes"", ""url"": ""https://fr.wikipedia.org/wiki/Les_%C3%89cologistes""}, {""label"": ""PCF"", ""url"": ""https://fr.wikipedia.org/wiki/Parti_communiste_fran%C3%A7ais""}, {""label"": ""circonscriptions-clés"", ""url"": ""https://fr.wikipedia.org/wiki/Circonscription-cl%C3%A9""}]"
Liste de sondages sur les élections législatives françaises de 2024,https://fr.wikipedia.org/wiki/Liste_de_sondages_sur_les_%C3%A9lections_l%C3%A9gislatives_fran%C3%A7aises_de_2024,legislatives_2024,10,,,p,"Une élection triangulaire désigne les cas où trois candidats peuvent se maintenir et le font , avec 12,5% des inscrits. Les sondeurs en ont d'abord prévu plus d'une centaine puis jusqu'à 250, la participation étant prévue de plus haut au cours de la campagne électorale jusqu'à « au plus haut depuis 25 ans » [ 21 ] ce qui accroît « mécaniquement » leur nombre [ 22 ] , la clé du vote se trouvant alors « peut-être dans le nombre de désistements, même en cas de triangulaires théoriques » [ 23 ] . Les « figures du Nouveau Front populaire » y ont appelé dans les cas de victoire potentielle du RN [ 23 ] . L'avant-veille du scrutin, Brice Teinturier , d'IPSOS, avertissait que cette plus forte participation peut produire des élus de premier tour, à un niveau inconnu ""depuis longtemps"" [ 24 ] , mais aussi ""jusqu'à environ 250 triangulaires"" [ 22 ] soit un nouveau record [ 25 ] , dépassant celui de 1997 [ 25 ] . Le moindre nombre de candidatures qu'en 2022 contribue au pronostic de triangulaires [ 7 ] .","[{""label"": ""élection triangulaire"", ""url"": ""https://fr.wikipedia.org/wiki/Configurations_de_second_tour""}, {""label"": ""peuvent se maintenir et le font"", ""url"": ""https://fr.wikipedia.org/wiki/%C3%89lection_triangulaire""}, {""label"": ""triangulaires théoriques"", ""url"": ""https://fr.wikipedia.org/wiki/Configurations_de_second_tour""}, {""label"": ""Nouveau Front populaire"", ""url"": ""https://fr.wikipedia.org/wiki/Nouveau_Front_populaire""}, {""label"": ""Brice Teinturier"", ""url"": ""https://fr.wikipedia.org/wiki/Brice_Teinturier""}]"
Liste de sondages sur les élections législatives françaises de 2024,https://fr.wikipedia.org/wiki/Liste_de_sondages_sur_les_%C3%A9lections_l%C3%A9gislatives_fran%C3%A7aises_de_2024,legislatives_2024,11,,,p,"Une centaine de triangulaires théoriques avaient émergé aux législatives de 1997 , avant des accords d'entre-deux-tours [ 26 ] les ramenant à 79 triangulaires, dont 76 avec le Front national [ 26 ] . C'était 8 en 2022, une en 2017, 34 en 2012 [ 27 ] et 41 en 2002 [ 25 ] . Selon Odoxa, dans un contexte de crise aiguë causée par l'alliance Ciotti-RN et de sondages médiocres pour le parti du président, il y a 120 à 170 triangulaires à prévoir [ 28 ] , rendant les projections périlleuses et permettant au RN de « bénéficier de la division des électeurs qui ne veulent pas » de l'extrême droite au pouvoir [ 29 ] .","[{""label"": ""triangulaires théoriques"", ""url"": ""https://fr.wikipedia.org/wiki/Configurations_de_second_tour""}, {""label"": ""législatives de 1997"", ""url"": ""https://fr.wikipedia.org/wiki/%C3%89lections_l%C3%A9gislatives_fran%C3%A7aises_de_1997""}, {""label"": ""crise aiguë causée par l'alliance Ciotti-RN"", ""url"": ""https://fr.wikipedia.org/wiki/Crise_de_2024_au_parti_Les_R%C3%A9publicains""}]"
Liste de sondages sur les élections législatives françaises de 2024,https://fr.wikipedia.org/wiki/Liste_de_sondages_sur_les_%C3%A9lections_l%C3%A9gislatives_fran%C3%A7aises_de_2024,legislatives_2024,12,,,p,"Les résultats du premier tour entraînent un nombre inédit de 306 triangulaires et 5 quadrangulaires avant désistement. Après désistement des candidats dont la quasi totalité contre le Rassemblement national, il subsiste 89 triangulaires et 2 quadrangulaires [ 30 ] .","[{""label"": ""quadrangulaires"", ""url"": ""https://fr.wikipedia.org/wiki/Configurations_de_second_tour""}]"
Liste de sondages sur les élections législatives françaises de 2024,https://fr.wikipedia.org/wiki/Liste_de_sondages_sur_les_%C3%A9lections_l%C3%A9gislatives_fran%C3%A7aises_de_2024,legislatives_2024,13,,,p,"Au soir du scrutin, la « plupart des médias » donnent les pourcentages nationaux obtenus non par des sondages mais via des « estimations » fondées sur les « 200 premiers bulletins dépouillés » [ 31 ] d’un « nombre défini de bureaux » de vote jugés représentatifs [ 31 ] , près de 600 bureaux pour l'IFOP [ 31 ] , mis avec une grande part de bureaux hors agglomérations en raison des délais de dépouillement et vérifications [ 31 ] dont les 2 ⁄ 3 ont fermé à 18 heures, 5 % à 10 % à 19 heures et le reste, 20 % à 25 % à 20 heures [ 31 ] .",[]
Liste de sondages sur les élections législatives françaises de 2024,https://fr.wikipedia.org/wiki/Liste_de_sondages_sur_les_%C3%A9lections_l%C3%A9gislatives_fran%C3%A7aises_de_2024,legislatives_2024,14,,,dl,Premier tour,[]
Liste de sondages sur les élections législatives françaises de 2024,https://fr.wikipedia.org/wiki/Liste_de_sondages_sur_les_%C3%A9lections_l%C3%A9gislatives_fran%C3%A7aises_de_2024,legislatives_2024,15,,,dl,Second tour,[]
Liste de sondages sur les élections législatives françaises de 2024,https://fr.wikipedia.org/wiki/Liste_de_sondages_sur_les_%C3%A9lections_l%C3%A9gislatives_fran%C3%A7aises_de_2024,legislatives_2024,16,,,dl,Premier tour,[]
Liste de sondages sur les élections législatives françaises de 2024,https://fr.wikipedia.org/wiki/Liste_de_sondages_sur_les_%C3%A9lections_l%C3%A9gislatives_fran%C3%A7aises_de_2024,legislatives_2024,17,,,dl,Second tour,[]
Liste de sondages sur les élections législatives françaises de 2024,https://fr.wikipedia.org/wiki/Liste_de_sondages_sur_les_%C3%A9lections_l%C3%A9gislatives_fran%C3%A7aises_de_2024,legislatives_2024,18,,,dl,Premier tour,[]
Liste de sondages sur les élections législatives françaises de 2024,https://fr.wikipedia.org/wiki/Liste_de_sondages_sur_les_%C3%A9lections_l%C3%A9gislatives_fran%C3%A7aises_de_2024,legislatives_2024,19,,,dl,Second tour,[]
Liste de sondages sur les élections législatives françaises de 2024,https://fr.wikipedia.org/wiki/Liste_de_sondages_sur_les_%C3%A9lections_l%C3%A9gislatives_fran%C3%A7aises_de_2024,legislatives_2024,20,,,dl,Premier tour,[]
Liste de sondages sur les élections législatives françaises de 2024,https://fr.wikipedia.org/wiki/Liste_de_sondages_sur_les_%C3%A9lections_l%C3%A9gislatives_fran%C3%A7aises_de_2024,legislatives_2024,21,,,dl,Second tour,[]
Liste de sondages sur les élections législatives françaises de 2024,https://fr.wikipedia.org/wiki/Liste_de_sondages_sur_les_%C3%A9lections_l%C3%A9gislatives_fran%C3%A7aises_de_2024,legislatives_2024,22,,,p,Second tour,[]
Liste de sondages sur les élections législatives françaises de 2024,https://fr.wikipedia.org/wiki/Liste_de_sondages_sur_les_%C3%A9lections_l%C3%A9gislatives_fran%C3%A7aises_de_2024,legislatives_2024,23,,,p,"La question posée est : « En cas de duel entre un candidat du Front populaire et un candidat du Rassemblement national dans votre circonscription, vous préférez… ? »",[]
Liste de sondages sur les élections législatives françaises de 2024,https://fr.wikipedia.org/wiki/Liste_de_sondages_sur_les_%C3%A9lections_l%C3%A9gislatives_fran%C3%A7aises_de_2024,legislatives_2024,24,,,p,"La question posée est : « En cas de duel entre un candidat de la Majorité présidentielle et un candidat du Rassemblement national dans votre circonscription, vous souhaitez… ? »",[]
Liste de sondages sur les élections législatives françaises de 2024,https://fr.wikipedia.org/wiki/Liste_de_sondages_sur_les_%C3%A9lections_l%C3%A9gislatives_fran%C3%A7aises_de_2024,legislatives_2024,25,,,p,"Les projections en sièges sont beaucoup moins fiables et beaucoup plus fragiles que celles en pourcentage de voix, notamment à cause des triangulaires, qui ne sont pas connues avant le 2 juillet 2024 [ 34 ] .",[]
Liste de sondages sur les élections législatives françaises de 2024,https://fr.wikipedia.org/wiki/Liste_de_sondages_sur_les_%C3%A9lections_l%C3%A9gislatives_fran%C3%A7aises_de_2024,legislatives_2024,26,,,p,"Deux projections, par Mediapart et Le Figaro , menées à partir des résultats des récentes élections européennes du 9 juin 2024 , montrent le RN en tête dans 457 d'entre elles (près de huit sur dix) [ 35 ] et au second tour des duels dans 513 circonscriptions, dont 461 (90 % d’entre eux) entre RN et gauche [ 35 ] , [ 36 ] , mais aussi 52 duels incluant Renaissance , dont 41 contre le Nouveau Front populaire et 11 contre le RN [ 36 ] .","[{""label"": ""Mediapart"", ""url"": ""https://fr.wikipedia.org/wiki/Mediapart""}, {""label"": ""Le Figaro"", ""url"": ""https://fr.wikipedia.org/wiki/Le_Figaro""}, {""label"": ""élections européennes du 9 juin 2024"", ""url"": ""https://fr.wikipedia.org/wiki/%C3%89lections_europ%C3%A9ennes_de_2024_en_France""}, {""label"": ""Renaissance"", ""url"": ""https://fr.wikipedia.org/wiki/Renaissance_(parti)""}, {""label"": ""Nouveau Front populaire"", ""url"": ""https://fr.wikipedia.org/wiki/Nouveau_Front_populaire""}, {""label"": ""RN"", ""url"": ""https://fr.wikipedia.org/wiki/Rassemblement_national""}]"
Liste de sondages sur les élections législatives françaises de 2024,https://fr.wikipedia.org/wiki/Liste_de_sondages_sur_les_%C3%A9lections_l%C3%A9gislatives_fran%C3%A7aises_de_2024,legislatives_2024,27,,,p,Un sondage sur la répartition des sièges par parti au sein des alliances réalisé par Ipsos les 3 et 4 juillet 2024 donne les résultats suivants [ 38 ] :,[]
Liste de sondages sur les élections législatives françaises de 2024,https://fr.wikipedia.org/wiki/Liste_de_sondages_sur_les_%C3%A9lections_l%C3%A9gislatives_fran%C3%A7aises_de_2024,legislatives_2024,28,,,ul,Liste de sondages sur les élections législatives françaises de 2022 Crise de 2024 au parti Les Républicains,"[{""label"": ""Liste de sondages sur les élections législatives françaises de 2022"", ""url"": ""https://fr.wikipedia.org/wiki/Liste_de_sondages_sur_les_%C3%A9lections_l%C3%A9gislatives_fran%C3%A7aises_de_2022""}, {""label"": ""Crise de 2024 au parti Les Républicains"", ""url"": ""https://fr.wikipedia.org/wiki/Crise_de_2024_au_parti_Les_R%C3%A9publicains""}]"
Liste de sondages sur les élections législatives françaises de 2024,https://fr.wikipedia.org/wiki/Liste_de_sondages_sur_les_%C3%A9lections_l%C3%A9gislatives_fran%C3%A7aises_de_2024,legislatives_2024,29,,,ul,Portail des probabilités et de la statistique Portail de la politique française Portail des années 2020,"[{""label"": """", ""url"": ""https://fr.wikipedia.org/wiki/Portail:Probabilit%C3%A9s_et_statistiques""}, {""label"": ""Portail des probabilités et de la statistique"", ""url"": ""https://fr.wikipedia.org/wiki/Portail:Probabilit%C3%A9s_et_statistiques""}, {""label"": """", ""url"": ""https://fr.wikipedia.org/wiki/Portail:Politique_fran%C3%A7aise""}, {""label"": ""Portail de la politique française"", ""url"": ""https://fr.wikipedia.org/wiki/Portail:Politique_fran%C3%A7aise""}, {""label"": """", ""url"": ""https://fr.wikipedia.org/wiki/Portail:Ann%C3%A9es_2020""}, {""label"": ""Portail des années 2020"", ""url"": ""https://fr.wikipedia.org/wiki/Portail:Ann%C3%A9es_2020""}]"
